INDIVIDUAL_ID	MRN	EXTERNAL_IDENTIFIER
1		IND-25-54321_16Oct2025_CWGS554_MDL55455_SV
2		IND-ARRAY001
3		IND-ARRAY002
4		IND-ARRAY003
5		IND-ARRAY004
6		IND-ARRAY005
7		IND-ARRAY006
8		IND-ARRAY007
9		IND-ARRAY008
10		IND-ARRAY009
11		IND-ARRAY010
12		IND-ARRAY011
13		IND-ARRAY012
14		IND-ARRAY013
15		IND-ARRAY014
16		IND-ARRAY015
17		IND-ARRAY016
18		IND-ARRAY017
19		IND-ARRAY018
20		IND-ARRAY019
21		IND-ARRAY020
22		IND-ARRAY021
23		IND-ARRAY022
24		IND-ARRAY023
25		IND-ARRAY024
26		IND-ARRAY025
27		IND-ARRAY026
28		IND-ARRAY027
29		IND-ARRAY028
30		IND-ARRAY029
31		IND-ARRAY030
32		IND-ARRAY031
33		IND-ARRAY032
34		IND-ARRAY033
35		IND-ARRAY034
36		IND-ARRAY035
37		IND-ARRAY036
38		IND-ARRAY037
39		IND-ARRAY038
40		IND-ARRAY039
41		IND-ARRAY040
42		IND-ARRAY041
43		IND-ARRAY042
44		IND-ARRAY043
45		IND-ARRAY044
46		IND-ARRAY045
47		IND-ARRAY046
48		IND-ARRAY047
49		IND-ARRAY048
50		IND-ARRAY049
51		IND-ARRAY050
52		IND-ARRAY051
53		IND-ARRAY052
54		IND-ARRAY053
55		IND-ARRAY054
56		IND-ARRAY055
57		IND-ARRAY056
58		IND-ARRAY057
59		IND-ARRAY058
60		IND-ARRAY059
61		IND-ARRAY060
62		IND-ARRAY061
63		IND-ARRAY062
64		IND-ARRAY063
65		IND-ARRAY064
66		IND-ARRAY065
67		IND-ARRAY066
68		IND-ARRAY067
69		IND-ARRAY068
70		IND-ARRAY069
71		IND-ARRAY070
72		IND-ARRAY071
73		IND-ARRAY072
74		IND-ARRAY073
75		IND-ARRAY074
76		IND-ARRAY075
77		IND-ARRAY076
78		IND-ARRAY077
79		IND-ARRAY078
80		IND-ARRAY079
81		IND-ARRAY080
82		IND-ARRAY081
83		IND-ARRAY082
84		IND-ARRAY083
85		IND-ARRAY084
86		IND-ARRAY085
87		IND-ARRAY086
88		IND-ARRAY087
89		IND-ARRAY088
90		IND-ARRAY089
91		IND-ARRAY090
92		IND-ARRAY091
93		IND-ARRAY092
94		IND-ARRAY093
95		IND-ARRAY094
96		IND-ARRAY095
97		IND-ARRAY096
98		IND-ARRAY097
99		IND-ARRAY098
100		IND-ARRAY099
101		IND-ARRAY100
102		IND-SIM001
103		IND-SIM002
104		IND-ISCN001
105		IND-ISCN002
106		IND-ISCN003
107		IND-ISCN004
108		IND-ISCN005
109		IND-ISCN006
110		IND-ISCN007
111		IND-ISCN008
112		IND-ISCN009
113		IND-ISCN010
114		IND-ISCN011
115		IND-ISCN012
116		IND-ISCN013
117		IND-ISCN014
118		IND-ISCN015
119		IND-ISCN016
120		IND-ISCN017
121		IND-ISCN018
122		IND-ISCN019
123		IND-ISCN020
124		IND-ISCN021
125		IND-ISCN022
126		IND-ISCN023
127		IND-ISCN024
128		IND-ISCN025
129		IND-ISCN026
130		IND-ISCN027
131		IND-ISCN028
132		IND-ISCN029
133		IND-ISCN030
134		IND-ISCN031
135		IND-ISCN032
136		IND-ISCN033
137		IND-ISCN034
138		IND-ISCN035
139		IND-ISCN036
140		IND-ISCN037
141		IND-ISCN038
142		IND-ISCN039
143		IND-ISCN040
144		IND-ISCN041
145		IND-ISCN042
146		IND-ISCN043
147		IND-ISCN044
148		IND-ISCN045
149		IND-ISCN046
150		IND-ISCN047
151		IND-ISCN048
152		IND-ISCN049
153		IND-ISCN050
154		IND-ISCN051
155		IND-ISCN052
156		IND-ISCN053
157		IND-ISCN054
158		IND-ISCN055
159		IND-ISCN056
160		IND-ISCN057
161		IND-ISCN058
162		IND-ISCN059
163		IND-ISCN060
164		IND-ISCN061
165		IND-ISCN062
166		IND-ISCN063
167		IND-ISCN064
168		IND-ISCN065
169		IND-ISCN066
170		IND-ISCN067
171		IND-ISCN068
172		IND-ISCN069
173		IND-ISCN070
174		IND-ISCN071
175		IND-ISCN072
176		IND-ISCN073
177		IND-ISCN074
178		IND-ISCN075
179		IND-ISCN076
180		IND-ISCN077
181		IND-ISCN078
182		IND-ISCN079
183		IND-ISCN080
184		IND-ISCN081
185		IND-ISCN082
186		IND-ISCN083
187		IND-ISCN084
188		IND-ISCN085
189		IND-ISCN086
190		IND-ISCN087
191		IND-ISCN088
192		IND-ISCN089
193		IND-ISCN090
194		IND-ISCN091
195		IND-ISCN092
196		IND-ISCN093
197		IND-ISCN094
198		IND-ISCN095
199		IND-ISCN096
200		IND-ISCN097
201		IND-ISCN098
202		IND-ISCN099
203		IND-ISCN100
204		IND-WGS001_SWGS101_SV
205		IND-WGS002_SWGS102_SV
206		IND-WGS003_SWGS103_SV
207		IND-WGS004_SWGS104_SV
208		IND-WGS005_SWGS105_SV
209		IND-WGS006_SWGS106_SV
210		IND-WGS007_SWGS107_SV
211		IND-WGS008_SWGS108_SV
212		IND-WGS009_SWGS109_SV
213		IND-WGS010_SWGS110_SV
214		IND-WGS011_SWGS111_SV
215		IND-WGS012_SWGS112_SV
216		IND-WGS013_SWGS113_SV
217		IND-WGS014_SWGS114_SV
218		IND-WGS015_SWGS115_SV
219		IND-WGS016_SWGS116_SV
220		IND-WGS017_SWGS117_SV
221		IND-WGS018_SWGS118_SV
222		IND-WGS019_SWGS119_SV
223		IND-WGS020_SWGS120_SV
224		IND-WGS021_SWGS121_SV
225		IND-WGS022_SWGS122_SV
226		IND-WGS023_SWGS123_SV
227		IND-WGS024_SWGS124_SV
228		IND-WGS025_SWGS125_SV
229		IND-WGS026_SWGS126_SV
230		IND-WGS027_SWGS127_SV
231		IND-WGS028_SWGS128_SV
232		IND-WGS029_SWGS129_SV
233		IND-WGS030_SWGS130_SV
234		IND-WGS031_SWGS131_SV
235		IND-WGS032_SWGS132_SV
236		IND-WGS033_SWGS133_SV
237		IND-WGS034_SWGS134_SV
238		IND-WGS035_SWGS135_SV
239		IND-WGS036_SWGS136_SV
240		IND-WGS037_SWGS137_SV
241		IND-WGS038_SWGS138_SV
242		IND-WGS039_SWGS139_SV
243		IND-WGS040_SWGS140_SV
244		IND-WGS041_SWGS141_SV
245		IND-WGS042_SWGS142_SV
246		IND-WGS043_SWGS143_SV
247		IND-WGS044_SWGS144_SV
248		IND-WGS045_SWGS145_SV
249		IND-WGS046_SWGS146_SV
250		IND-WGS047_SWGS147_SV
251		IND-WGS048_SWGS148_SV
252		IND-WGS049_SWGS149_SV
253		IND-WGS050_SWGS150_SV
254		IND-WGS051_SWGS151_SV
255		IND-WGS052_SWGS152_SV
256		IND-WGS053_SWGS153_SV
257		IND-WGS054_SWGS154_SV
258		IND-WGS055_SWGS155_SV
259		IND-WGS056_SWGS156_SV
260		IND-WGS057_SWGS157_SV
261		IND-WGS058_SWGS158_SV
262		IND-WGS059_SWGS159_SV
263		IND-WGS060_SWGS160_SV
264		IND-WGS061_SWGS161_SV
265		IND-WGS062_SWGS162_SV
266		IND-WGS063_SWGS163_SV
267		IND-WGS064_SWGS164_SV
268		IND-WGS065_SWGS165_SV
269		IND-WGS066_SWGS166_SV
270		IND-WGS067_SWGS167_SV
271		IND-WGS068_SWGS168_SV
272		IND-WGS069_SWGS169_SV
273		IND-WGS070_SWGS170_SV
274		IND-WGS071_SWGS171_SV
275		IND-WGS072_SWGS172_SV
276		IND-WGS073_SWGS173_SV
277		IND-WGS074_SWGS174_SV
278		IND-WGS075_SWGS175_SV
279		IND-WGS076_SWGS176_SV
280		IND-WGS077_SWGS177_SV
281		IND-WGS078_SWGS178_SV
282		IND-WGS079_SWGS179_SV
283		IND-WGS080_SWGS180_SV
284		IND-WGS081_SWGS181_SV
285		IND-WGS082_SWGS182_SV
286		IND-WGS083_SWGS183_SV
287		IND-WGS084_SWGS184_SV
288		IND-WGS085_SWGS185_SV
289		IND-WGS086_SWGS186_SV
290		IND-WGS087_SWGS187_SV
291		IND-WGS088_SWGS188_SV
292		IND-WGS089_SWGS189_SV
293		IND-WGS090_SWGS190_SV
294		IND-WGS091_SWGS191_SV
295		IND-WGS092_SWGS192_SV
296		IND-WGS093_SWGS193_SV
297		IND-WGS094_SWGS194_SV
298		IND-WGS095_SWGS195_SV
299		IND-WGS096_SWGS196_SV
300		IND-WGS097_SWGS197_SV
301		IND-WGS098_SWGS198_SV
302		IND-WGS099_SWGS199_SV
303		IND-WGS100_SWGS200_SV
304		IND-SIM003
305		IND-SIM004
306		IND-SIM006
307		IND-SIM008
308		IND-SIM010
309		IND-SIM012
310		IND-SIM014
311		IND-SIM016
312		IND-SIM018
313		IND-SIM020
314		IND-SIM022
315		IND-SIM026
316		IND-SIM028
317		IND-SIM030
318		IND-SIM032
319		GUI-MIX001
320		GUI-MIX002
321		GUI-MIX003
322		GUI-MIX004
323		GUI-GUI001
324		GUI-GUI002
325		GUI-GUI003
326		GUI-CHR5A
327		GUI-CHR5B
328		GUI-CHR5C
329		GUI-CHR12A
330		GUI-ARRAY001
331		GUI-ARRAY002
332		GUI-ARRAY003
333		GUI-ARRAY004
334		GUI-ARRAY005
335		GUI-ARRAY006
336		GUI-ARRAY007
337		GUI-ARRAY008
338		GUI-ARRAY009
339		GUI-ARRAY010
340		GUI-ARRAY011
341		GUI-ARRAY012
342		GUI-ARRAY013
343		GUI-ARRAY014
344		GUI-ARRAY015
345		GUI-ARRAY016
346		GUI-ARRAY017
347		GUI-ARRAY018
348		GUI-ARRAY019
349		GUI-ARRAY020
350		GUI-ARRAY021
351		GUI-ARRAY022
352		GUI-ARRAY023
353		GUI-ARRAY024
354		GUI-ARRAY025
355		GUI-ARRAY026
356		GUI-ARRAY027
357		GUI-ARRAY028
358		GUI-ARRAY029
359		GUI-ARRAY030
360		GUI-ARRAY031
361		GUI-ARRAY032
362		GUI-ARRAY033
363		GUI-ARRAY034
364		GUI-ARRAY035
365		GUI-ARRAY036
366		GUI-ARRAY037
367		GUI-ARRAY038
368		GUI-ARRAY039
369		GUI-ARRAY040
370		GUI-ARRAY041
371		GUI-ARRAY042
372		GUI-ARRAY043
373		GUI-ARRAY044
374		GUI-ARRAY045
375		GUI-ARRAY046
376		GUI-ARRAY047
377		GUI-ARRAY048
378		GUI-ARRAY049
379		GUI-ARRAY050
380		GUI-ARRAY051
381		GUI-ARRAY052
382		GUI-ARRAY053
383		GUI-ARRAY054
384		GUI-ARRAY055
385		GUI-ARRAY056
386		GUI-ARRAY057
387		GUI-ARRAY058
388		GUI-ARRAY059
389		GUI-ARRAY060
390		GUI-ARRAY061
391		GUI-ARRAY062
392		GUI-ARRAY063
393		GUI-ARRAY064
394		GUI-ARRAY065
395		GUI-ARRAY066
396		GUI-ARRAY067
397		GUI-ARRAY068
398		GUI-ARRAY069
399		GUI-ARRAY070
400		GUI-ARRAY071
401		GUI-ARRAY072
402		GUI-ARRAY073
403		GUI-ARRAY074
404		GUI-ARRAY075
405		GUI-ARRAY076
406		GUI-ARRAY077
407		GUI-ARRAY078
408		GUI-ARRAY079
409		GUI-ARRAY080
410		GUI-ARRAY081
411		GUI-ARRAY082
412		GUI-ARRAY083
413		GUI-ARRAY084
414		GUI-ARRAY085
415		GUI-ARRAY086
416		GUI-ARRAY087
417		GUI-ARRAY088
418		GUI-ARRAY089
419		GUI-ARRAY090
420		GUI-ARRAY091
421		GUI-ARRAY092
422		GUI-ARRAY093
423		GUI-ARRAY094
424		GUI-ARRAY095
425		GUI-ARRAY096
426		GUI-ARRAY097
427		GUI-ARRAY098
428		GUI-ARRAY099
429		GUI-ARRAY100
430		GUI-ISCN001
431		GUI-ISCN002
432		GUI-ISCN003
433		GUI-ISCN004
434		GUI-ISCN005
435		GUI-ISCN006
436		GUI-ISCN007
437		GUI-ISCN008
438		GUI-ISCN009
439		GUI-ISCN010
440		GUI-ISCN011
441		GUI-ISCN012
442		GUI-ISCN013
443		GUI-ISCN014
444		GUI-ISCN015
445		GUI-ISCN016
446		GUI-ISCN017
447		GUI-ISCN018
448		GUI-ISCN019
449		GUI-ISCN020
450		GUI-ISCN021
451		GUI-ISCN022
452		GUI-ISCN023
453		GUI-ISCN024
454		GUI-ISCN025
455		GUI-ISCN026
456		GUI-ISCN027
457		GUI-ISCN028
458		GUI-ISCN029
459		GUI-ISCN030
460		GUI-ISCN031
461		GUI-ISCN032
462		GUI-ISCN033
463		GUI-ISCN034
464		GUI-ISCN035
465		GUI-ISCN036
466		GUI-ISCN037
467		GUI-ISCN038
468		GUI-ISCN039
469		GUI-ISCN040
470		GUI-ISCN041
471		GUI-ISCN042
472		GUI-ISCN043
473		GUI-ISCN044
474		GUI-ISCN045
475		GUI-ISCN046
476		GUI-ISCN047
477		GUI-ISCN048
478		GUI-ISCN049
479		GUI-ISCN050
480		GUI-ISCN051
481		GUI-ISCN052
482		GUI-ISCN053
483		GUI-ISCN054
484		GUI-ISCN055
485		GUI-ISCN056
486		GUI-ISCN057
487		GUI-ISCN058
488		GUI-ISCN059
489		GUI-ISCN060
490		GUI-ISCN061
491		GUI-ISCN062
492		GUI-ISCN063
493		GUI-ISCN064
494		GUI-ISCN065
495		GUI-ISCN066
496		GUI-ISCN067
497		GUI-ISCN068
498		GUI-ISCN069
499		GUI-ISCN070
500		GUI-ISCN071
501		GUI-ISCN072
502		GUI-ISCN073
503		GUI-ISCN074
504		GUI-ISCN075
505		GUI-ISCN076
506		GUI-ISCN077
507		GUI-ISCN078
508		GUI-ISCN079
509		GUI-ISCN080
510		GUI-ISCN081
511		GUI-ISCN082
512		GUI-ISCN083
513		GUI-ISCN084
514		GUI-ISCN085
515		GUI-ISCN086
516		GUI-ISCN087
517		GUI-ISCN088
518		GUI-ISCN089
519		GUI-ISCN090
520		GUI-ISCN091
521		GUI-ISCN092
522		GUI-ISCN093
523		GUI-ISCN094
524		GUI-ISCN095
525		GUI-ISCN096
526		GUI-ISCN097
527		GUI-ISCN098
528		GUI-ISCN099
529		GUI-ISCN100
