SMALL_VARIANT_CALL_ID	SMALL_VARIANT_ID	SAMPLE_TEST_RESULT_ID	SAMPLE_ACCESSION_ID	QUAL	FILTER_STATUS	GENOTYPE	PHASED	REF_DEPTH	ALT_DEPTH	TOTAL_DEPTH	GENOTYPE_QUALITY	ALLELE_BALANCE	FORMAT_KEYS	SAMPLE_VALUES	INFO_RAW	RAW_VCF_LINE	LINE_NUMBER
1	1	1186	ERR031940_S1	665.06	PASS	1/1	FALSE	1	27	28	54.0	0.9642857142857143	GT:AD:DP:GQ:PL	1/1:1,27:28:54:679,54,0	AC=2;AF=1.00;AN=2;BaseQRankSum=-1.710;CNN_1D=-5.942;DB;DP=29;ExcessHet=0.0000;FS=0.000;MLEAC=2;MLEAF=1.00;MQ=26.94;MQRankSum=0.416;QD=23.75;ReadPosRankSum=-0.931;SOR=5.283;ANN=G|synonymous_variant|LOW|OR4F5|ENSG00000186092|transcript|ENST00000641515.2|protein_coding|3/3|c.243A>G|p.Ser81Ser|303/2618|243/981|81/326||	chr1	69270	rs201219564	A	G	665.06	PASS	AC=2;AF=1.00;AN=2;BaseQRankSum=-1.710;CNN_1D=-5.942;DB;DP=29;ExcessHet=0.0000;FS=0.000;MLEAC=2;MLEAF=1.00;MQ=26.94;MQRankSum=0.416;QD=23.75;ReadPosRankSum=-0.931;SOR=5.283;ANN=G|synonymous_variant|LOW|OR4F5|ENSG00000186092|transcript|ENST00000641515.2|protein_coding|3/3|c.243A>G|p.Ser81Ser|303/2618|243/981|81/326||	GT:AD:DP:GQ:PL	1/1:1,27:28:54:679,54,0	40
2	2	1186	ERR031940_S1	1195.06	PASS	1/1	FALSE	0	44	44	99.0	1.0	GT:AD:DP:GQ:PL	1/1:0,44:44:99:1209,132,0	AC=2;AF=1.00;AN=2;CNN_1D=0.156;DB;DP=51;ExcessHet=0.0000;FS=0.000;MLEAC=2;MLEAF=1.00;MQ=37.57;QD=27.16;SOR=1.230;ANN=G|missense_variant|MODERATE|OR4F5|ENSG00000186092|transcript|ENST00000641515.2|protein_coding|3/3|c.484A>G|p.Thr162Ala|544/2618|484/981|162/326||	chr1	69511	rs2691305	A	G	1195.06	PASS	AC=2;AF=1.00;AN=2;CNN_1D=0.156;DB;DP=51;ExcessHet=0.0000;FS=0.000;MLEAC=2;MLEAF=1.00;MQ=37.57;QD=27.16;SOR=1.230;ANN=G|missense_variant|MODERATE|OR4F5|ENSG00000186092|transcript|ENST00000641515.2|protein_coding|3/3|c.484A>G|p.Thr162Ala|544/2618|484/981|162/326||	GT:AD:DP:GQ:PL	1/1:0,44:44:99:1209,132,0	41
3	3	1186	ERR031940_S1	865.96	PASS	1/1	FALSE	3	30	33	15.0	0.9090909090909091	GT:AD:DP:GQ:PL	1/1:3,30:33:15:880,15,0	AC=2;AF=1.00;AN=2;BaseQRankSum=1.633;CNN_1D=-4.002;DB;DP=33;ExcessHet=0.0000;FS=31.348;MLEAC=2;MLEAF=1.00;MQ=30.61;MQRankSum=1.434;QD=26.24;ReadPosRankSum=0.125;SOR=5.416;ANN=T|missense_variant|MODERATE|OR4F5|ENSG00000186092|transcript|ENST00000641515.2|protein_coding|3/3|c.734A>T|p.Asp245Val|794/2618|734/981|245/326||	chr1	69761	rs200505207	A	T	865.96	PASS	AC=2;AF=1.00;AN=2;BaseQRankSum=1.633;CNN_1D=-4.002;DB;DP=33;ExcessHet=0.0000;FS=31.348;MLEAC=2;MLEAF=1.00;MQ=30.61;MQRankSum=1.434;QD=26.24;ReadPosRankSum=0.125;SOR=5.416;ANN=T|missense_variant|MODERATE|OR4F5|ENSG00000186092|transcript|ENST00000641515.2|protein_coding|3/3|c.734A>T|p.Asp245Val|794/2618|734/981|245/326||	GT:AD:DP:GQ:PL	1/1:3,30:33:15:880,15,0	42
4	4	1186	ERR031940_S1	180.02	PASS	1/1	FALSE	0	7	7	21.0	1.0	GT:AD:DP:GQ:PL	1/1:0,7:7:21:194,21,0	AC=2;AF=1.00;AN=2;CNN_1D=-0.151;DB;DP=7;ExcessHet=0.0000;FS=0.000;MLEAC=2;MLEAF=1.00;MQ=36.10;QD=25.72;SOR=2.584;ANN=C|synonymous_variant|LOW|OR4F5|ENSG00000186092|transcript|ENST00000641515.2|protein_coding|3/3|c.870T>C|p.Ser290Ser|930/2618|870/981|290/326||	chr1	69897	rs200676709	T	C	180.02	PASS	AC=2;AF=1.00;AN=2;CNN_1D=-0.151;DB;DP=7;ExcessHet=0.0000;FS=0.000;MLEAC=2;MLEAF=1.00;MQ=36.10;QD=25.72;SOR=2.584;ANN=C|synonymous_variant|LOW|OR4F5|ENSG00000186092|transcript|ENST00000641515.2|protein_coding|3/3|c.870T>C|p.Ser290Ser|930/2618|870/981|290/326||	GT:AD:DP:GQ:PL	1/1:0,7:7:21:194,21,0	43
5	5	1186	ERR031940_S1	59.3	PASS	1/1	FALSE	0	4	4	11.0	1.0	GT:AD:DP:GQ:PL	1/1:0,4:4:11:73,11,0	AC=2;AF=1.00;AN=2;CNN_1D=2.769;DB;DP=4;ExcessHet=0.0000;FS=0.000;MLEAC=1;MLEAF=0.500;MQ=60.00;QD=14.83;SOR=0.693;ANN=G|downstream_gene_variant|MODIFIER|NOC2L|ENSG00000188976|transcript|ENST00000327044.7|protein_coding||c.*3575T>C|||||3084|,G|intron_variant|MODIFIER|SAMD11|ENSG00000187634|transcript|ENST00000618323.5|protein_coding|7/13|c.1199-25A>G||||||	chr1	941119	rs4372192	A	G	59.3	PASS	AC=2;AF=1.00;AN=2;CNN_1D=2.769;DB;DP=4;ExcessHet=0.0000;FS=0.000;MLEAC=1;MLEAF=0.500;MQ=60.00;QD=14.83;SOR=0.693;ANN=G|downstream_gene_variant|MODIFIER|NOC2L|ENSG00000188976|transcript|ENST00000327044.7|protein_coding||c.*3575T>C|||||3084|,G|intron_variant|MODIFIER|SAMD11|ENSG00000187634|transcript|ENST00000618323.5|protein_coding|7/13|c.1199-25A>G||||||	GT:AD:DP:GQ:PL	1/1:0,4:4:11:73,11,0	44
6	6	1186	ERR031940_S1	395.64	PASS	0/1	FALSE	24	13	37	99.0	0.35135135135135137	GT:AD:DP:GQ:PL	0/1:24,13:37:99:403,0,629	AC=1;AF=0.500;AN=2;BaseQRankSum=4.032;CNN_1D=0.424;DB;DP=39;ExcessHet=0.0000;FS=2.690;MLEAC=1;MLEAF=0.500;MQ=60.00;MQRankSum=0.000;QD=10.69;ReadPosRankSum=0.350;SOR=2.012;ANN=A|synonymous_variant|LOW|NOC2L|ENSG00000188976|transcript|ENST00000327044.7|protein_coding|16/19|c.1843C>T|p.Leu615Leu|1859/2757|1843/2250|615/749||,A|downstream_gene_variant|MODIFIER|SAMD11|ENSG00000187634|transcript|ENST00000618323.5|protein_coding||c.*2094G>A|||||1673|	chr1	946247	rs2272757	G	A	395.64	PASS	AC=1;AF=0.500;AN=2;BaseQRankSum=4.032;CNN_1D=0.424;DB;DP=39;ExcessHet=0.0000;FS=2.690;MLEAC=1;MLEAF=0.500;MQ=60.00;MQRankSum=0.000;QD=10.69;ReadPosRankSum=0.350;SOR=2.012;ANN=A|synonymous_variant|LOW|NOC2L|ENSG00000188976|transcript|ENST00000327044.7|protein_coding|16/19|c.1843C>T|p.Leu615Leu|1859/2757|1843/2250|615/749||,A|downstream_gene_variant|MODIFIER|SAMD11|ENSG00000187634|transcript|ENST00000618323.5|protein_coding||c.*2094G>A|||||1673|	GT:AD:DP:GQ:PL	0/1:24,13:37:99:403,0,629	45
7	7	1186	ERR031940_S1	462.06	PASS	1/1	FALSE	0	12	12	36.0	1.0	GT:AD:DP:GQ:PL	1/1:0,12:12:36:476,36,0	AC=2;AF=1.00;AN=2;CNN_1D=2.919;DB;DP=13;ExcessHet=0.0000;FS=0.000;MLEAC=2;MLEAF=1.00;MQ=60.00;QD=25.36;SOR=3.611;ANN=C|intron_variant|MODIFIER|NOC2L|ENSG00000188976|transcript|ENST00000327044.7|protein_coding|10/18|c.1192-41T>G||||||	chr1	952180	rs3748595	A	C	462.06	PASS	AC=2;AF=1.00;AN=2;CNN_1D=2.919;DB;DP=13;ExcessHet=0.0000;FS=0.000;MLEAC=2;MLEAF=1.00;MQ=60.00;QD=25.36;SOR=3.611;ANN=C|intron_variant|MODIFIER|NOC2L|ENSG00000188976|transcript|ENST00000327044.7|protein_coding|10/18|c.1192-41T>G||||||	GT:AD:DP:GQ:PL	1/1:0,12:12:36:476,36,0	46
8	8	1186	ERR031940_S1	993.06	PASS	1/1	FALSE	0	30	30	88.0	1.0	GT:AD:DP:GQ:PL	1/1:0,30:30:88:1007,88,0	AC=2;AF=1.00;AN=2;CNN_1D=3.527;DB;DP=30;ExcessHet=0.0000;FS=0.000;MLEAC=2;MLEAF=1.00;MQ=57.80;QD=33.10;SOR=1.765;ANN=G|synonymous_variant|LOW|NOC2L|ENSG00000188976|transcript|ENST00000327044.7|protein_coding|10/19|c.1182T>C|p.Thr394Thr|1198/2757|1182/2250|394/749||	chr1	952421	rs3828047	A	G	993.06	PASS	AC=2;AF=1.00;AN=2;CNN_1D=3.527;DB;DP=30;ExcessHet=0.0000;FS=0.000;MLEAC=2;MLEAF=1.00;MQ=57.80;QD=33.10;SOR=1.765;ANN=G|synonymous_variant|LOW|NOC2L|ENSG00000188976|transcript|ENST00000327044.7|protein_coding|10/19|c.1182T>C|p.Thr394Thr|1198/2757|1182/2250|394/749||	GT:AD:DP:GQ:PL	1/1:0,30:30:88:1007,88,0	47
9	9	1186	ERR031940_S1	1863.06	PASS	1/1	FALSE	0	49	49	99.0	1.0	GT:AD:DP:GQ:PL	1/1:0,49:49:99:1877,147,0	AC=2;AF=1.00;AN=2;CNN_1D=2.398;DB;DP=52;ExcessHet=0.0000;FS=0.000;MLEAC=2;MLEAF=1.00;MQ=52.37;QD=28.73;SOR=2.256;ANN=C|synonymous_variant|LOW|NOC2L|ENSG00000188976|transcript|ENST00000327044.7|protein_coding|9/19|c.918A>G|p.Glu306Glu|934/2757|918/2250|306/749||	chr1	953259	rs3748596	T	C	1863.06	PASS	AC=2;AF=1.00;AN=2;CNN_1D=2.398;DB;DP=52;ExcessHet=0.0000;FS=0.000;MLEAC=2;MLEAF=1.00;MQ=52.37;QD=28.73;SOR=2.256;ANN=C|synonymous_variant|LOW|NOC2L|ENSG00000188976|transcript|ENST00000327044.7|protein_coding|9/19|c.918A>G|p.Glu306Glu|934/2757|918/2250|306/749||	GT:AD:DP:GQ:PL	1/1:0,49:49:99:1877,147,0	48
10	10	1186	ERR031940_S1	1213.06	PASS	1/1	FALSE	0	33	33	98.0	1.0	GT:AD:DP:GQ:PL	1/1:0,33:33:98:1227,98,0	AC=2;AF=1.00;AN=2;CNN_1D=1.809;DB;DP=35;ExcessHet=0.0000;FS=0.000;MLEAC=2;MLEAF=1.00;MQ=56.31;QD=30.97;SOR=4.112;ANN=C|missense_variant|MODERATE|NOC2L|ENSG00000188976|transcript|ENST00000327044.7|protein_coding|9/19|c.898A>G|p.Ile300Val|914/2757|898/2250|300/749||	chr1	953279	rs3748597	T	C	1213.06	PASS	AC=2;AF=1.00;AN=2;CNN_1D=1.809;DB;DP=35;ExcessHet=0.0000;FS=0.000;MLEAC=2;MLEAF=1.00;MQ=56.31;QD=30.97;SOR=4.112;ANN=C|missense_variant|MODERATE|NOC2L|ENSG00000188976|transcript|ENST00000327044.7|protein_coding|9/19|c.898A>G|p.Ile300Val|914/2757|898/2250|300/749||	GT:AD:DP:GQ:PL	1/1:0,33:33:98:1227,98,0	49
11	11	1186	ERR031940_S1	121.84	PASS	1/1	FALSE	0	3	3	9.0	1.0	GT:AD:DP:GQ:PL	1/1:0,3:3:9:135,9,0	AC=2;AF=1.00;AN=2;CNN_1D=3.441;DB;DP=3;ExcessHet=0.0000;FS=0.000;MLEAC=1;MLEAF=0.500;MQ=60.00;QD=27.24;SOR=2.833;ANN=C|splice_region_variant&intron_variant|LOW|NOC2L|ENSG00000188976|transcript|ENST00000327044.7|protein_coding|8/18|c.888+4C>G||||||	chr1	953778	rs13303056	G	C	121.84	PASS	AC=2;AF=1.00;AN=2;CNN_1D=3.441;DB;DP=3;ExcessHet=0.0000;FS=0.000;MLEAC=1;MLEAF=0.500;MQ=60.00;QD=27.24;SOR=2.833;ANN=C|splice_region_variant&intron_variant|LOW|NOC2L|ENSG00000188976|transcript|ENST00000327044.7|protein_coding|8/18|c.888+4C>G||||||	GT:AD:DP:GQ:PL	1/1:0,3:3:9:135,9,0	50
12	12	1186	ERR031940_S1	121.84	PASS	1/1	FALSE	0	3	3	9.0	1.0	GT:AD:DP:GQ:PL	1/1:0,3:3:9:135,9,0	AC=2;AF=1.00;AN=2;CNN_1D=3.225;DB;DP=4;ExcessHet=0.0000;FS=0.000;MLEAC=1;MLEAF=0.500;MQ=60.00;QD=28.20;SOR=2.833;ANN=C|splice_region_variant&intron_variant|LOW|NOC2L|ENSG00000188976|transcript|ENST00000327044.7|protein_coding|8/18|c.888+3T>G||||||	chr1	953779	rs13302945	A	C	121.84	PASS	AC=2;AF=1.00;AN=2;CNN_1D=3.225;DB;DP=4;ExcessHet=0.0000;FS=0.000;MLEAC=1;MLEAF=0.500;MQ=60.00;QD=28.20;SOR=2.833;ANN=C|splice_region_variant&intron_variant|LOW|NOC2L|ENSG00000188976|transcript|ENST00000327044.7|protein_coding|8/18|c.888+3T>G||||||	GT:AD:DP:GQ:PL	1/1:0,3:3:9:135,9,0	51
13	13	1186	ERR031940_S1	343.05	PASS	1/1	FALSE	0	9	9	27.0	1.0	GT:AD:DP:GQ:PL	1/1:0,9:9:27:357,27,0	AC=2;AF=1.00;AN=2;CNN_1D=1.406;DB;DP=10;ExcessHet=0.0000;FS=0.000;MLEAC=2;MLEAF=1.00;MQ=60.00;QD=25.00;SOR=4.615;ANN=A|upstream_gene_variant|MODIFIER|KLHL17|ENSG00000187961|transcript|ENST00000338591.8|protein_coding||c.-1501G>A|||||1391|,A|intron_variant|MODIFIER|NOC2L|ENSG00000188976|transcript|ENST00000327044.7|protein_coding|1/18|c.26+22C>T||||||	chr1	959193	rs13303010	G	A	343.05	PASS	AC=2;AF=1.00;AN=2;CNN_1D=1.406;DB;DP=10;ExcessHet=0.0000;FS=0.000;MLEAC=2;MLEAF=1.00;MQ=60.00;QD=25.00;SOR=4.615;ANN=A|upstream_gene_variant|MODIFIER|KLHL17|ENSG00000187961|transcript|ENST00000338591.8|protein_coding||c.-1501G>A|||||1391|,A|intron_variant|MODIFIER|NOC2L|ENSG00000188976|transcript|ENST00000327044.7|protein_coding|1/18|c.26+22C>T||||||	GT:AD:DP:GQ:PL	1/1:0,9:9:27:357,27,0	52
14	14	1186	ERR031940_S1	130.14	PASS	1/1	FALSE	0	4	4	12.0	1.0	GT:AD:DP:GQ:PL	1/1:0,4:4:12:144,12,0	AC=2;AF=1.00;AN=2;CNN_1D=4.286;DB;DP=4;ExcessHet=0.0000;FS=0.000;MLEAC=2;MLEAF=1.00;MQ=60.00;QD=32.54;SOR=1.609;ANN=C|synonymous_variant|LOW|KLHL17|ENSG00000187961|transcript|ENST00000338591.8|protein_coding|4/12|c.609G>C|p.Ala203Ala|719/2567|609/1929|203/642||,C|upstream_gene_variant|MODIFIER|NOC2L|ENSG00000188976|transcript|ENST00000327044.7|protein_coding||c.-2705C>G|||||2689|,C|upstream_gene_variant|MODIFIER|PLEKHN1|ENSG00000187583|transcript|ENST00000379409.6|protein_coding||c.-4587G>C|||||4557|	chr1	961945	rs4970441	G	C	130.14	PASS	AC=2;AF=1.00;AN=2;CNN_1D=4.286;DB;DP=4;ExcessHet=0.0000;FS=0.000;MLEAC=2;MLEAF=1.00;MQ=60.00;QD=32.54;SOR=1.609;ANN=C|synonymous_variant|LOW|KLHL17|ENSG00000187961|transcript|ENST00000338591.8|protein_coding|4/12|c.609G>C|p.Ala203Ala|719/2567|609/1929|203/642||,C|upstream_gene_variant|MODIFIER|NOC2L|ENSG00000188976|transcript|ENST00000327044.7|protein_coding||c.-2705C>G|||||2689|,C|upstream_gene_variant|MODIFIER|PLEKHN1|ENSG00000187583|transcript|ENST00000379409.6|protein_coding||c.-4587G>C|||||4557|	GT:AD:DP:GQ:PL	1/1:0,4:4:12:144,12,0	53
15	15	1186	ERR031940_S1	161.64	PASS	0/1	FALSE	7	5	12	99.0	0.4166666666666667	GT:AD:DP:GQ:PL	0/1:7,5:12:99:169,0,225	AC=1;AF=0.500;AN=2;BaseQRankSum=2.460;CNN_1D=2.491;DB;DP=12;ExcessHet=0.0000;FS=0.000;MLEAC=1;MLEAF=0.500;MQ=60.00;MQRankSum=0.000;QD=13.47;ReadPosRankSum=-0.545;SOR=0.446;ANN=C|synonymous_variant|LOW|KLHL17|ENSG00000187961|transcript|ENST00000338591.8|protein_coding|12/12|c.1863G>C|p.Val621Val|1973/2567|1863/1929|621/642||,C|upstream_gene_variant|MODIFIER|PLEKHN1|ENSG00000187583|transcript|ENST00000379409.6|protein_coding||c.-1407G>C|||||1377|	chr1	965125	rs28705211	G	C	161.64	PASS	AC=1;AF=0.500;AN=2;BaseQRankSum=2.460;CNN_1D=2.491;DB;DP=12;ExcessHet=0.0000;FS=0.000;MLEAC=1;MLEAF=0.500;MQ=60.00;MQRankSum=0.000;QD=13.47;ReadPosRankSum=-0.545;SOR=0.446;ANN=C|synonymous_variant|LOW|KLHL17|ENSG00000187961|transcript|ENST00000338591.8|protein_coding|12/12|c.1863G>C|p.Val621Val|1973/2567|1863/1929|621/642||,C|upstream_gene_variant|MODIFIER|PLEKHN1|ENSG00000187583|transcript|ENST00000379409.6|protein_coding||c.-1407G>C|||||1377|	GT:AD:DP:GQ:PL	0/1:7,5:12:99:169,0,225	54
