chr1	pos1	chr2	pos2	link_type	confidence	event_group_id	link_id
chr2	117097060	chr13	16445756	TRANSLOCATION	MEDIUM	BULK_P002_A3_T1_TX_01	268
chr5	57119588	chr18	54682267	TRANSLOCATION	LOW	BULK_P002_A3_T1_TX_02	269
chr8	35507136	chr1	35561892	TRANSLOCATION	HIGH	BULK_P002_A3_T1_TX_03	270
chr11	2046885	chr6	76372172	TRANSLOCATION	MEDIUM	BULK_P002_A3_T1_TX_04	271
chr14	37609936	chr11	119568196	TRANSLOCATION	LOW	BULK_P002_A3_T1_TX_05	272
chr17	1744197	chr16	11336836	TRANSLOCATION	HIGH	BULK_P002_A3_T1_TX_06	273
chr20	53412060	chr21	1416938	TRANSLOCATION	MEDIUM	BULK_P002_A3_T1_TX_07	274
chr1	79897613	chr4	111779453	TRANSLOCATION	LOW	BULK_P002_A3_T1_TX_08	275
chr4	8270436	chr9	49932550	TRANSLOCATION	HIGH	BULK_P002_A3_T1_TX_09	276
chr7	130914824	chr14	18578481	TRANSLOCATION	MEDIUM	BULK_P002_A3_T1_TX_10	277
chr10	49188892	chr19	25758670	TRANSLOCATION	LOW	BULK_P002_A3_T1_TX_11	278
chr13	63965305	chr2	71215999	TRANSLOCATION	HIGH	BULK_P002_A3_T1_TX_12	279
chr16	30127450	chr7	33503976	TRANSLOCATION	MEDIUM	BULK_P002_A3_T1_TX_13	280
chr19	27369931	chr12	113836948	TRANSLOCATION	LOW	BULK_P002_A3_T1_TX_14	281
chr22	7884428	chr17	44271693	TRANSLOCATION	HIGH	BULK_P002_A3_T1_TX_15	282
chr3	193683765	chr22	14130143	TRANSLOCATION	MEDIUM	BULK_P002_A3_T1_TX_16	283
chr6	82720437	chr5	112428415	TRANSLOCATION	LOW	BULK_P002_A3_T1_TX_17	284
chr9	24190930	chr10	109607349	TRANSLOCATION	HIGH	BULK_P002_A3_T1_TX_18	285
chr12	74747430	chr15	90476315	TRANSLOCATION	MEDIUM	BULK_P002_A3_T1_TX_19	286
chr15	36893195	chr20	49227493	TRANSLOCATION	LOW	BULK_P002_A3_T1_TX_20	287
